p,seed,fitness_km,indices_centros,centros
3,0,57.747378470967156,"[26, 21, 34]","['Nuevo Laredo', 'Matamoros', 'San Fernando']"
3,1,65.75527907195699,"[21, 19, 32]","['Matamoros', 'Mainero', 'Río Bravo']"
3,2,92.50150488940515,"[10, 4, 34]","['Gómez Farías', 'Burgos', 'San Fernando']"
3,3,142.9024157127704,"[3, 7, 33]","['Antiguo Morelos', 'Casas', 'San Carlos']"
3,4,57.894639645993315,"[29, 37, 39]","['Padilla', 'Tampico', 'Valle Hermoso']"
3,5,144.6541191379856,"[33, 27, 0]","['San Carlos', 'Nuevo Morelos', 'Abasolo']"
3,6,93.43969257667099,"[18, 42, 22]","['Llera', 'Xicoténcatl', 'Méndez']"
3,7,179.88096898880812,"[38, 26, 29]","['Tula', 'Nuevo Laredo', 'Padilla']"
3,8,130.46367386259618,"[13, 29, 10]","['Guerrero', 'Padilla', 'Gómez Farías']"
3,9,156.53393858721057,"[36, 41, 17]","['Soto la Marina', 'Villagrán', 'Jiménez']"
3,10,66.03571098944546,"[11, 40, 31]","['González', 'Victoria', 'Reynosa']"
3,11,101.94865358901102,"[5, 34, 41]","['Bustamante', 'San Fernando', 'Villagrán']"
3,12,185.88880646757352,"[10, 25, 41]","['Gómez Farías', 'Miquihuana', 'Villagrán']"
3,13,132.02979983203636,"[41, 36, 35]","['Villagrán', 'Soto la Marina', 'San Nicolás']"
3,14,77.92540010936024,"[28, 6, 34]","['Ocampo', 'Camargo', 'San Fernando']"
3,15,187.83294277980022,"[29, 38, 30]","['Padilla', 'Tula', 'Palmillas']"
3,16,103.40776977734734,"[22, 35, 23]","['Méndez', 'San Nicolás', 'Mier']"
3,17,120.28806309745949,"[35, 4, 30]","['San Nicolás', 'Burgos', 'Palmillas']"
3,18,113.2392849911467,"[36, 16, 9]","['Soto la Marina', 'Jaumave', 'Cruillas']"
3,19,113.28147361854225,"[17, 24, 15]","['Jiménez', 'Miguel Alemán', 'Hidalgo']"
3,20,187.26094143587932,"[36, 42, 11]","['Soto la Marina', 'Xicoténcatl', 'González']"
3,21,64.39655550430842,"[16, 12, 32]","['Jaumave', 'Güémez', 'Río Bravo']"
3,22,74.39916776648391,"[28, 15, 31]","['Ocampo', 'Hidalgo', 'Reynosa']"
3,23,178.04867782530084,"[18, 1, 29]","['Llera', 'Aldama', 'Padilla']"
3,24,72.34796338024755,"[15, 32, 13]","['Hidalgo', 'Río Bravo', 'Guerrero']"
3,25,102.86524478586664,"[6, 36, 20]","['Camargo', 'Soto la Marina', 'El Mante']"
3,26,110.45697618218426,"[20, 23, 35]","['El Mante', 'Mier', 'San Nicolás']"
3,27,115.86756391045527,"[9, 29, 0]","['Cruillas', 'Padilla', 'Abasolo']"
3,28,115.47328753187057,"[27, 35, 9]","['Nuevo Morelos', 'San Nicolás', 'Cruillas']"
3,29,260.5787145304268,"[25, 38, 2]","['Miquihuana', 'Tula', 'Altamira']"
5,0,117.89525322078096,"[25, 20, 11, 13, 33]","['Miquihuana', 'El Mante', 'González', 'Guerrero', 'San Carlos']"
5,1,57.017635812074296,"[20, 1, 30, 39, 18]","['El Mante', 'Aldama', 'Palmillas', 'Valle Hermoso', 'Llera']"
5,2,43.13556858491555,"[12, 4, 32, 10, 17]","['Güémez', 'Burgos', 'Río Bravo', 'Gómez Farías', 'Jiménez']"
5,3,45.82919942821285,"[7, 31, 3, 9, 42]","['Casas', 'Reynosa', 'Antiguo Morelos', 'Cruillas', 'Xicoténcatl']"
5,4,64.1635516688842,"[37, 36, 28, 21, 40]","['Tampico', 'Soto la Marina', 'Ocampo', 'Matamoros', 'Victoria']"
5,5,48.43072830767273,"[33, 32, 26, 20, 0]","['San Carlos', 'Río Bravo', 'Nuevo Laredo', 'El Mante', 'Abasolo']"
5,6,48.50618166456589,"[14, 17, 42, 40, 21]","['Gustavo Díaz Ordaz', 'Jiménez', 'Xicoténcatl', 'Victoria', 'Matamoros']"
5,7,114.51706113107602,"[25, 28, 36, 24, 37]","['Miquihuana', 'Ocampo', 'Soto la Marina', 'Miguel Alemán', 'Tampico']"
5,8,103.02126434727793,"[28, 7, 41, 9, 13]","['Ocampo', 'Casas', 'Villagrán', 'Cruillas', 'Guerrero']"
5,9,42.167338540163655,"[16, 34, 4, 39, 12]","['Jaumave', 'San Fernando', 'Burgos', 'Valle Hermoso', 'Güémez']"
5,10,91.2307223009046,"[8, 38, 30, 10, 34]","['Ciudad Madero', 'Tula', 'Palmillas', 'Gómez Farías', 'San Fernando']"
5,11,49.27328378359179,"[39, 25, 5, 32, 20]","['Valle Hermoso', 'Miquihuana', 'Bustamante', 'Río Bravo', 'El Mante']"
5,12,56.8400843827404,"[39, 10, 41, 2, 23]","['Valle Hermoso', 'Gómez Farías', 'Villagrán', 'Altamira', 'Mier']"
5,13,37.77834150273877,"[39, 33, 34, 35, 2]","['Valle Hermoso', 'San Carlos', 'San Fernando', 'San Nicolás', 'Altamira']"
5,14,145.15351485885333,"[3, 5, 26, 33, 15]","['Antiguo Morelos', 'Bustamante', 'Nuevo Laredo', 'San Carlos', 'Hidalgo']"
5,15,91.87765660620194,"[10, 28, 34, 36, 27]","['Gómez Farías', 'Ocampo', 'San Fernando', 'Soto la Marina', 'Nuevo Morelos']"
5,16,30.104638138379983,"[18, 32, 22, 33, 21]","['Llera', 'Río Bravo', 'Méndez', 'San Carlos', 'Matamoros']"
5,17,91.02774008935067,"[19, 28, 33, 6, 4]","['Mainero', 'Ocampo', 'San Carlos', 'Camargo', 'Burgos']"
5,18,91.70546559282872,"[8, 30, 34, 37, 15]","['Ciudad Madero', 'Palmillas', 'San Fernando', 'Tampico', 'Hidalgo']"
5,19,69.28025693576629,"[42, 14, 22, 38, 16]","['Xicoténcatl', 'Gustavo Díaz Ordaz', 'Méndez', 'Tula', 'Jaumave']"
5,20,89.56782362722949,"[10, 19, 11, 38, 34]","['Gómez Farías', 'Mainero', 'González', 'Tula', 'San Fernando']"
5,21,66.91880633661742,"[20, 15, 11, 31, 25]","['El Mante', 'Hidalgo', 'González', 'Reynosa', 'Miquihuana']"
5,22,92.56767231325537,"[27, 40, 8, 14, 30]","['Nuevo Morelos', 'Victoria', 'Ciudad Madero', 'Gustavo Díaz Ordaz', 'Palmillas']"
5,23,146.71566372492086,"[27, 26, 11, 17, 1]","['Nuevo Morelos', 'Nuevo Laredo', 'González', 'Jiménez', 'Aldama']"
5,24,80.7464457127454,"[33, 17, 13, 14, 30]","['San Carlos', 'Jiménez', 'Guerrero', 'Gustavo Díaz Ordaz', 'Palmillas']"
5,25,87.66704687937816,"[0, 19, 9, 35, 6]","['Abasolo', 'Mainero', 'Cruillas', 'San Nicolás', 'Camargo']"
5,26,95.6092404983036,"[16, 9, 22, 19, 33]","['Jaumave', 'Cruillas', 'Méndez', 'Mainero', 'San Carlos']"
5,27,121.87855193244802,"[27, 13, 42, 8, 0]","['Nuevo Morelos', 'Guerrero', 'Xicoténcatl', 'Ciudad Madero', 'Abasolo']"
5,28,91.31451315682594,"[34, 9, 25, 35, 37]","['San Fernando', 'Cruillas', 'Miquihuana', 'San Nicolás', 'Tampico']"
5,29,41.52918143752906,"[21, 2, 36, 9, 24]","['Matamoros', 'Altamira', 'Soto la Marina', 'Cruillas', 'Miguel Alemán']"
7,0,63.71917474571316,"[3, 1, 10, 19, 12, 24, 31]","['Antiguo Morelos', 'Aldama', 'Gómez Farías', 'Mainero', 'Güémez', 'Miguel Alemán', 'Reynosa']"
7,1,83.89397432411133,"[29, 17, 1, 38, 6, 19, 35]","['Padilla', 'Jiménez', 'Aldama', 'Tula', 'Camargo', 'Mainero', 'San Nicolás']"
7,2,86.7393376531952,"[19, 9, 34, 16, 11, 4, 30]","['Mainero', 'Cruillas', 'San Fernando', 'Jaumave', 'González', 'Burgos', 'Palmillas']"
7,3,78.64906379360116,"[37, 6, 9, 3, 33, 30, 7]","['Tampico', 'Camargo', 'Cruillas', 'Antiguo Morelos', 'San Carlos', 'Palmillas', 'Casas']"
7,4,92.21995641686489,"[42, 41, 38, 35, 20, 34, 26]","['Xicoténcatl', 'Villagrán', 'Tula', 'San Nicolás', 'El Mante', 'San Fernando', 'Nuevo Laredo']"
7,5,41.54286663331909,"[19, 27, 32, 30, 24, 21, 0]","['Mainero', 'Nuevo Morelos', 'Río Bravo', 'Palmillas', 'Miguel Alemán', 'Matamoros', 'Abasolo']"
7,6,135.90531111120248,"[15, 13, 20, 16, 40, 28, 38]","['Hidalgo', 'Guerrero', 'El Mante', 'Jaumave', 'Victoria', 'Ocampo', 'Tula']"
7,7,32.93583534723013,"[32, 35, 26, 40, 42, 34, 23]","['Río Bravo', 'San Nicolás', 'Nuevo Laredo', 'Victoria', 'Xicoténcatl', 'San Fernando', 'Mier']"
7,8,44.79128535113725,"[27, 9, 12, 26, 7, 39, 13]","['Nuevo Morelos', 'Cruillas', 'Güémez', 'Nuevo Laredo', 'Casas', 'Valle Hermoso', 'Guerrero']"
7,9,108.38744364508024,"[15, 33, 37, 4, 28, 11, 25]","['Hidalgo', 'San Carlos', 'Tampico', 'Burgos', 'Ocampo', 'González', 'Miquihuana']"
7,10,27.21385259993535,"[22, 34, 8, 28, 10, 32, 36]","['Méndez', 'San Fernando', 'Ciudad Madero', 'Ocampo', 'Gómez Farías', 'Río Bravo', 'Soto la Marina']"
7,11,51.26422792744908,"[24, 19, 25, 37, 30, 31, 4]","['Miguel Alemán', 'Mainero', 'Miquihuana', 'Tampico', 'Palmillas', 'Reynosa', 'Burgos']"
7,12,38.703925310660175,"[37, 7, 22, 2, 8, 39, 9]","['Tampico', 'Casas', 'Méndez', 'Altamira', 'Ciudad Madero', 'Valle Hermoso', 'Cruillas']"
7,13,26.8499524813821,"[2, 41, 31, 34, 33, 40, 32]","['Altamira', 'Villagrán', 'Reynosa', 'San Fernando', 'San Carlos', 'Victoria', 'Río Bravo']"
7,14,64.3486269183518,"[29, 3, 31, 5, 14, 25, 42]","['Padilla', 'Antiguo Morelos', 'Reynosa', 'Bustamante', 'Gustavo Díaz Ordaz', 'Miquihuana', 'Xicoténcatl']"
7,15,32.57211643159519,"[9, 26, 8, 32, 14, 27, 34]","['Cruillas', 'Nuevo Laredo', 'Ciudad Madero', 'Río Bravo', 'Gustavo Díaz Ordaz', 'Nuevo Morelos', 'San Fernando']"
7,16,25.668667516610824,"[31, 22, 3, 21, 17, 19, 32]","['Reynosa', 'Méndez', 'Antiguo Morelos', 'Matamoros', 'Jiménez', 'Mainero', 'Río Bravo']"
7,17,43.7377428987945,"[23, 42, 6, 18, 32, 27, 4]","['Mier', 'Xicoténcatl', 'Camargo', 'Llera', 'Río Bravo', 'Nuevo Morelos', 'Burgos']"
7,18,124.97371662051587,"[42, 28, 15, 8, 35, 11, 33]","['Xicoténcatl', 'Ocampo', 'Hidalgo', 'Ciudad Madero', 'San Nicolás', 'González', 'San Carlos']"
7,19,62.05690723299017,"[37, 40, 11, 42, 15, 13, 21]","['Tampico', 'Victoria', 'González', 'Xicoténcatl', 'Hidalgo', 'Guerrero', 'Matamoros']"
7,20,142.01822212253984,"[42, 36, 33, 5, 38, 10, 18]","['Xicoténcatl', 'Soto la Marina', 'San Carlos', 'Bustamante', 'Tula', 'Gómez Farías', 'Llera']"
7,21,81.09018301663568,"[41, 14, 19, 15, 24, 29, 11]","['Villagrán', 'Gustavo Díaz Ordaz', 'Mainero', 'Hidalgo', 'Miguel Alemán', 'Padilla', 'González']"
7,22,131.08997914627682,"[13, 7, 11, 3, 25, 28, 38]","['Guerrero', 'Casas', 'González', 'Antiguo Morelos', 'Miquihuana', 'Ocampo', 'Tula']"
7,23,201.73176703466405,"[26, 5, 10, 16, 25, 42, 1]","['Nuevo Laredo', 'Bustamante', 'Gómez Farías', 'Jaumave', 'Miquihuana', 'Xicoténcatl', 'Aldama']"
7,24,61.19652582698948,"[14, 5, 12, 32, 24, 29, 16]","['Gustavo Díaz Ordaz', 'Bustamante', 'Güémez', 'Río Bravo', 'Miguel Alemán', 'Padilla', 'Jaumave']"
7,25,83.17982720796627,"[6, 0, 9, 23, 41, 18, 33]","['Camargo', 'Abasolo', 'Cruillas', 'Mier', 'Villagrán', 'Llera', 'San Carlos']"
7,26,25.555131702069236,"[31, 21, 9, 18, 2, 15, 16]","['Reynosa', 'Matamoros', 'Cruillas', 'Llera', 'Altamira', 'Hidalgo', 'Jaumave']"
7,27,157.9189993336432,"[12, 26, 5, 0, 40, 25, 8]","['Güémez', 'Nuevo Laredo', 'Bustamante', 'Abasolo', 'Victoria', 'Miquihuana', 'Ciudad Madero']"
7,28,32.9647342671762,"[32, 8, 34, 35, 41, 33, 24]","['Río Bravo', 'Ciudad Madero', 'San Fernando', 'San Nicolás', 'Villagrán', 'San Carlos', 'Miguel Alemán']"
7,29,36.22594131141076,"[28, 23, 9, 21, 34, 20, 1]","['Ocampo', 'Mier', 'Cruillas', 'Matamoros', 'San Fernando', 'El Mante', 'Aldama']"
10,0,74.28933016537667,"[28, 34, 22, 18, 9, 1, 0, 11, 7, 3]","['Ocampo', 'San Fernando', 'Méndez', 'Llera', 'Cruillas', 'Aldama', 'Abasolo', 'González', 'Casas', 'Antiguo Morelos']"
10,1,40.8895116442137,"[13, 16, 32, 1, 38, 17, 5, 27, 35, 10]","['Guerrero', 'Jaumave', 'Río Bravo', 'Aldama', 'Tula', 'Jiménez', 'Bustamante', 'Nuevo Morelos', 'San Nicolás', 'Gómez Farías']"
10,2,42.14245340083354,"[25, 11, 15, 3, 28, 31, 9, 40, 18, 14]","['Miquihuana', 'González', 'Hidalgo', 'Antiguo Morelos', 'Ocampo', 'Reynosa', 'Cruillas', 'Victoria', 'Llera', 'Gustavo Díaz Ordaz']"
10,3,35.53313247806977,"[31, 23, 34, 6, 27, 2, 1, 37, 4, 8]","['Reynosa', 'Mier', 'San Fernando', 'Camargo', 'Nuevo Morelos', 'Altamira', 'Aldama', 'Tampico', 'Burgos', 'Ciudad Madero']"
10,4,38.84164043097826,"[33, 35, 39, 26, 24, 19, 3, 38, 18, 31]","['San Carlos', 'San Nicolás', 'Valle Hermoso', 'Nuevo Laredo', 'Miguel Alemán', 'Mainero', 'Antiguo Morelos', 'Tula', 'Llera', 'Reynosa']"
10,5,84.6937391750901,"[28, 25, 41, 11, 20, 22, 2, 17, 29, 0]","['Ocampo', 'Miquihuana', 'Villagrán', 'González', 'El Mante', 'Méndez', 'Altamira', 'Jiménez', 'Padilla', 'Abasolo']"
10,6,69.47858566450124,"[41, 15, 40, 35, 42, 26, 37, 12, 14, 18]","['Villagrán', 'Hidalgo', 'Victoria', 'San Nicolás', 'Xicoténcatl', 'Nuevo Laredo', 'Tampico', 'Güémez', 'Gustavo Díaz Ordaz', 'Llera']"
10,7,19.21239002803221,"[21, 33, 30, 39, 37, 12, 32, 2, 9, 24]","['Matamoros', 'San Carlos', 'Palmillas', 'Valle Hermoso', 'Tampico', 'Güémez', 'Río Bravo', 'Altamira', 'Cruillas', 'Miguel Alemán']"
10,8,50.73630078005945,"[12, 32, 25, 37, 11, 8, 26, 6, 36, 24]","['Güémez', 'Río Bravo', 'Miquihuana', 'Tampico', 'González', 'Ciudad Madero', 'Nuevo Laredo', 'Camargo', 'Soto la Marina', 'Miguel Alemán']"
10,9,40.18050399872175,"[34, 30, 10, 14, 23, 4, 26, 31, 41, 42]","['San Fernando', 'Palmillas', 'Gómez Farías', 'Gustavo Díaz Ordaz', 'Mier', 'Burgos', 'Nuevo Laredo', 'Reynosa', 'Villagrán', 'Xicoténcatl']"
10,10,27.737980822110064,"[6, 32, 34, 26, 20, 9, 30, 7, 22, 33]","['Camargo', 'Río Bravo', 'San Fernando', 'Nuevo Laredo', 'El Mante', 'Cruillas', 'Palmillas', 'Casas', 'Méndez', 'San Carlos']"
10,11,30.149875661617966,"[1, 34, 28, 23, 39, 18, 4, 6, 20, 22]","['Aldama', 'San Fernando', 'Ocampo', 'Mier', 'Valle Hermoso', 'Llera', 'Burgos', 'Camargo', 'El Mante', 'Méndez']"
10,12,43.49335609603678,"[8, 7, 24, 39, 20, 36, 15, 40, 35, 2]","['Ciudad Madero', 'Casas', 'Miguel Alemán', 'Valle Hermoso', 'El Mante', 'Soto la Marina', 'Hidalgo', 'Victoria', 'San Nicolás', 'Altamira']"
10,13,35.681280441304274,"[34, 38, 29, 31, 30, 37, 3, 2, 7, 10]","['San Fernando', 'Tula', 'Padilla', 'Reynosa', 'Palmillas', 'Tampico', 'Antiguo Morelos', 'Altamira', 'Casas', 'Gómez Farías']"
10,14,45.387323514926194,"[39, 23, 42, 14, 13, 35, 27, 5, 3, 29]","['Valle Hermoso', 'Mier', 'Xicoténcatl', 'Gustavo Díaz Ordaz', 'Guerrero', 'San Nicolás', 'Nuevo Morelos', 'Bustamante', 'Antiguo Morelos', 'Padilla']"
10,15,41.89823000774216,"[30, 31, 9, 8, 18, 25, 13, 1, 24, 42]","['Palmillas', 'Reynosa', 'Cruillas', 'Ciudad Madero', 'Llera', 'Miquihuana', 'Guerrero', 'Aldama', 'Miguel Alemán', 'Xicoténcatl']"
10,16,48.54855674487654,"[19, 14, 3, 15, 26, 0, 21, 29, 18, 37]","['Mainero', 'Gustavo Díaz Ordaz', 'Antiguo Morelos', 'Hidalgo', 'Nuevo Laredo', 'Abasolo', 'Matamoros', 'Padilla', 'Llera', 'Tampico']"
10,17,41.6143330100468,"[29, 9, 30, 25, 21, 1, 3, 15, 5, 17]","['Padilla', 'Cruillas', 'Palmillas', 'Miquihuana', 'Matamoros', 'Aldama', 'Antiguo Morelos', 'Hidalgo', 'Bustamante', 'Jiménez']"
10,18,75.36878399212434,"[40, 30, 13, 26, 7, 41, 3, 33, 10, 14]","['Victoria', 'Palmillas', 'Guerrero', 'Nuevo Laredo', 'Casas', 'Villagrán', 'Antiguo Morelos', 'San Carlos', 'Gómez Farías', 'Gustavo Díaz Ordaz']"
10,19,55.83379254333218,"[18, 37, 13, 34, 12, 14, 10, 2, 35, 20]","['Llera', 'Tampico', 'Guerrero', 'San Fernando', 'Güémez', 'Gustavo Díaz Ordaz', 'Gómez Farías', 'Altamira', 'San Nicolás', 'El Mante']"
10,20,29.5651327842751,"[39, 9, 35, 4, 34, 42, 21, 10, 30, 17]","['Valle Hermoso', 'Cruillas', 'San Nicolás', 'Burgos', 'San Fernando', 'Xicoténcatl', 'Matamoros', 'Gómez Farías', 'Palmillas', 'Jiménez']"
10,21,43.29535209658582,"[17, 3, 22, 42, 10, 38, 13, 27, 12, 39]","['Jiménez', 'Antiguo Morelos', 'Méndez', 'Xicoténcatl', 'Gómez Farías', 'Tula', 'Guerrero', 'Nuevo Morelos', 'Güémez', 'Valle Hermoso']"
10,22,106.17778601325179,"[10, 40, 7, 26, 35, 19, 3, 23, 0, 12]","['Gómez Farías', 'Victoria', 'Casas', 'Nuevo Laredo', 'San Nicolás', 'Mainero', 'Antiguo Morelos', 'Mier', 'Abasolo', 'Güémez']"
10,23,45.28767984996714,"[41, 10, 15, 1, 5, 28, 24, 23, 4, 39]","['Villagrán', 'Gómez Farías', 'Hidalgo', 'Aldama', 'Bustamante', 'Ocampo', 'Miguel Alemán', 'Mier', 'Burgos', 'Valle Hermoso']"
10,24,62.132811475818905,"[11, 20, 14, 17, 13, 27, 5, 29, 24, 22]","['González', 'El Mante', 'Gustavo Díaz Ordaz', 'Jiménez', 'Guerrero', 'Nuevo Morelos', 'Bustamante', 'Padilla', 'Miguel Alemán', 'Méndez']"
10,25,48.7599100909056,"[6, 8, 17, 15, 42, 0, 21, 30, 5, 38]","['Camargo', 'Ciudad Madero', 'Jiménez', 'Hidalgo', 'Xicoténcatl', 'Abasolo', 'Matamoros', 'Palmillas', 'Bustamante', 'Tula']"
10,26,19.871214918381032,"[19, 2, 17, 8, 29, 39, 32, 40, 34, 14]","['Mainero', 'Altamira', 'Jiménez', 'Ciudad Madero', 'Padilla', 'Valle Hermoso', 'Río Bravo', 'Victoria', 'San Fernando', 'Gustavo Díaz Ordaz']"
10,27,89.89990876864742,"[7, 11, 37, 40, 23, 18, 0, 4, 13, 24]","['Casas', 'González', 'Tampico', 'Victoria', 'Mier', 'Llera', 'Abasolo', 'Burgos', 'Guerrero', 'Miguel Alemán']"
10,28,29.431808130799507,"[22, 1, 32, 38, 31, 29, 30, 2, 7, 6]","['Méndez', 'Aldama', 'Río Bravo', 'Tula', 'Reynosa', 'Padilla', 'Palmillas', 'Altamira', 'Casas', 'Camargo']"
10,29,45.66954195948571,"[8, 10, 20, 26, 1, 24, 21, 18, 31, 5]","['Ciudad Madero', 'Gómez Farías', 'El Mante', 'Nuevo Laredo', 'Aldama', 'Miguel Alemán', 'Matamoros', 'Llera', 'Reynosa', 'Bustamante']"
